text,emoji
A businessman collaborates with a tech expert to drive growth in the corporate world.,ğŸ‘¨â€ğŸ’»ğŸ¤
The office building is bustling with teamwork among employees.,ğŸ¢ğŸ§‘â€ğŸ¤â€ğŸ§‘ğŸ§‘â€ğŸ¤â€ğŸ§‘ğŸ§‘â€ğŸ¤â€ğŸ§‘
The savvy businesswoman is making a fortune in the tech industry.,ğŸ‘©â€ğŸ’»ğŸ¤‘
A tech worker is facing a significant financial outlay.,ğŸ‘¨â€ğŸ’»ğŸ’¸
A diverse group of friends gathered together.,ğŸ§‘â€ğŸ¤â€ğŸ§‘ğŸ‘«ğŸ‘­ğŸ‘¬
A large group of fathers and their sons are spending time together.,ğŸ‘¨â€ğŸ‘¦ğŸ‘¨â€ğŸ‘¦ğŸ‘¨â€ğŸ‘¦ğŸ‘¨â€ğŸ‘¦ğŸ‘¨â€ğŸ‘¦ğŸ‘¨â€ğŸ‘¦ğŸ‘¨â€ğŸ‘¦
A big group of friends and families enjoying time together.,ğŸ‘«ğŸ‘­ğŸ‘¨â€ğŸ‘¨â€ğŸ‘§â€ğŸ‘§ğŸ‘¬ğŸ‘¨â€ğŸ‘¨â€ğŸ‘§
A large family gathering includes multiple parents and their children.,ğŸ‘©â€ğŸ‘©â€ğŸ‘¦â€ğŸ‘¦ğŸ‘©â€ğŸ‘©â€ğŸ‘¦â€ğŸ‘¦ğŸ‘©â€ğŸ‘©â€ğŸ‘¦â€ğŸ‘¦ğŸ‘©â€ğŸ‘©â€ğŸ‘¦â€ğŸ‘¦ğŸ‘©â€ğŸ‘©â€ğŸ‘¦â€ğŸ‘¦
The big group of friends is enjoying their time together.,ğŸ§‘â€ğŸ¤â€ğŸ§‘ğŸ§‘â€ğŸ¤â€ğŸ§‘ğŸ§‘â€ğŸ¤â€ğŸ§‘
The tall man with curly hair walked confidently into the room.,ğŸ§‘â€ğŸ¦±
"""The tall man stands confidently, showcasing his impressive height.""",ğŸ‘±â€â™‚ï¸â†”ï¸â†•ï¸
"""An excited man with money is known for being a big tipper.""",ğŸ¤‘ğŸ‘¨â€ğŸ¦°ğŸ’°
A couple is getting married on their big day.,ğŸ‘©â€â¤ï¸â€ğŸ‘¨ğŸ‘°
The hot doll is feeling the heat.,ğŸ¥µğŸ‘§
The glamorous blonde doll is ready to show off her perfect manicure.,ğŸ’…ğŸ‘±â€â™€ï¸
"Feeling frustrated and angry, I just can't take it anymore!",ğŸ˜¤ğŸ¤¬ğŸ™…â€â™‚ï¸ğŸ™…â€â™‚ï¸
"""Both sides are firmly rejecting each other's points in a heated argument.""",ğŸ™…ğŸ™…â€â™‚ï¸ğŸ˜¤ğŸ—¯ï¸
"""I have a hot forehead and I'm feeling unwell, so I need to see a doctor.""",ğŸ¥´ğŸ¤’ğŸ‘¨â€âš•ï¸
"""With our cool scientists, doctors, and tech experts, we are shaping a bright future!""",ğŸ˜ğŸ‘¨â€ğŸ”¬ğŸ‘©â€âš•ï¸ğŸ§‘â€ğŸ’»
"""With dedicated scientists, educated students, and skilled healthcare professionals, we are building a bright future for all.""",ğŸ‘¨â€ğŸ”¬ğŸ‘©â€ğŸ“ğŸ‘¨â€âš•ï¸
"""Are you unsure about my dark intentions?""",ğŸ˜ˆâ“ğŸ¤·â€â™€ï¸
"""She is pointing to the right side.""",â¡ï¸ğŸ’â€â™€ï¸
"""Move to the right side to join the group.""",â¡ï¸ğŸ§‘â€ğŸ¤â€ğŸ§‘ğŸ‘ˆ
"""Making the right decision brings clarity and confidence.""",âœ”ï¸ğŸ’¡ğŸ‘©ğŸ‘
The woman raised her hand to indicate that she has the correct answer.,ğŸ™‹â€â™€ï¸ğŸ‘âœ…
"""The right man has been chosen.""",âœ”ï¸ğŸ‘¨
"""The right man is someone who truly loves you.""",âœ”ï¸ğŸ‘¨ğŸ’•
The right man is here.,â¡ï¸ğŸ‘¨ğŸ‘Œ
The right man gives a thumbs up.,ğŸ‘ğŸ‘¨
The woman is in love with the right man.,ğŸ‘©ğŸ˜ğŸ‘¨âœ”ï¸
The right man brings love and happiness to a family.,ğŸ‘©â€â¤ï¸â€ğŸ’‹â€ğŸ‘¨ğŸ‘¨â€ğŸ‘©â€ğŸ‘¦â€ğŸ‘¦
A woman with short red hair is wearing swim trunks.,ğŸ©³ğŸ‘©ğŸ»â€ğŸ¦°
The woman got a haircut and now has short red hair.,ğŸ’‡â€â™€ï¸â¡ï¸ğŸ‘©â€ğŸ¦°
Three friends with short hair styles are enjoying their time together.,ğŸ‘©â€ğŸ¦°ğŸ‘©â€ğŸ¦±ğŸ§‘â€ğŸ¦±
A man and a woman with short hair.,ğŸ‘¨â€ğŸ¦±ğŸ‘©â€ğŸ¦±
"Time is fleeting for the elderly woman and man, reminding us of the brevity of life.",â³ğŸ•ğŸ‘©â€ğŸ¦³ğŸ§“
"A family of four experiences a tragic loss, reminding us that life can be unexpectedly short.",ğŸ‘¨â€ğŸ‘©â€ğŸ‘§â€ğŸ‘§ğŸ‘‰ğŸ’€ğŸ‘¨â€ğŸ‘©â€ğŸ‘§
A baby grows old quickly and faces the inevitability of death.,ğŸ‘¶ğŸ§“âš°ï¸âŒ›ğŸ¤
"""These are just ordinary kids.""",ğŸ‘§ğŸ§’ğŸ‘¦
"""Average people come together and support one another, regardless of their differences.""",ğŸ§‘â€ğŸ¤â€ğŸ§‘ğŸ‘­ğŸ‘¬ğŸ™†â€â™€ï¸
The average person often feels confused about various aspects of life.,ğŸ˜•ğŸ‘¨
"A diverse group of average people includes men, women, and children.",ğŸ‘¨ğŸ§‘ğŸ‘©ğŸ‘§
"""Everyday individuals, representing the average person.""",ğŸ™â€â™‚ï¸ğŸ™â€â™€ï¸
"""Average people often find themselves unsure about various situations.""",ğŸ‘¨ğŸ§‘ğŸ¤·
"""She achieved average merit by winning two trophies.""",ğŸ†ğŸ†ğŸ™†â€â™€ï¸
"""He's a typical guy, just like everyone else.""",ğŸ™†â€â™‚ï¸ğŸ™†
"""Cleaning up the mess in the bathroom could lead to a surprising reward for the elderly couple.""",ğŸª ğŸš½ğŸ§¹ğŸ’°ğŸ‘µğŸ‘´
A dirty fighter uses underhanded tactics to gain an unfair advantage in a competition.,âŒâš–ï¸ ğŸ’ªğŸ‘¨â€ğŸ¦²ğŸ’¢
The common procedure involves a group of healthcare professionals administering vaccinations to patients.,ğŸ‘¥ğŸ’‰ğŸ©ºğŸ©¹ğŸ©¸ğŸ§‘â€âš•ï¸ğŸ‘¥
The common procedure involves a healthcare professional administering a vaccine.,ğŸ”„ğŸ§‘â€âš•ï¸ğŸ’‰
"""Please stop bothering me; I'm not interested in what you're offering.""",ğŸ¤²ğŸ™…â€â™‚ï¸
"""I'm really frustrated with this common nuisance.""",ğŸ˜’ğŸ’¢ğŸ™â€â™‚ï¸
A common sailor navigates the seas on his sailboat.,â›µï¸ğŸ‘¨ğŸ»âš“ï¸
A common sailor is often seen working alongside his crew on a boat.,ğŸ‘¥ğŸ‘±â€â™‚ï¸â›µï¸
A common sailor welcomes the boat with open hands.,ğŸ¤²â›µğŸ‘¨
A young boy dreams of becoming a common sailor and navigating the open waters in his speedboat.,ğŸš¤ğŸ‘¦
"A common sailor works diligently on a ship, navigating the seas and ensuring safe passage.",ğŸ‘¨â€âœˆï¸âš“
A common sailor navigates a speedboat across the water.,ğŸ§‘â€âœˆï¸ğŸš¤
"A common man goes about his daily life, embodying the experiences and struggles of everyday people.",ğŸ‘¨ğŸ»
Three boys representing the common man.,â–¶ï¸ğŸ‘¦ğŸ‘¦ğŸ‘¦
A common man extends his hands in gesture of openness and generosity.,ğŸ¤²ğŸ‘¨
A common man strives to make a living and support his family.,ğŸ‘¨
The common man is often represented by everyday individuals working together and supporting one another.,ğŸ‘¨ğŸ‘¨ğŸ‘¨ğŸ‘¨
"The common man is represented by a diverse group of individuals, showcasing different hairstyles and backgrounds.",ğŸ‘¨ğŸ§‘â€ğŸ¦±ğŸ‘¨â€ğŸ¦±
A businesswoman is discussing important matters in a meeting.,ğŸ‘©â€ğŸ’¼ğŸ—£ğŸ’¼
"""Well done, kid!""",ğŸ‘ğŸ‘¦ğŸ§‘â€ğŸ¦±
The auditorium is completely full with an audience of diverse individuals.,ğŸ«ğŸ§‘ğŸ‘¨ğŸ§‘â€ğŸ¦±ğŸ‘©â€ğŸ¦±ğŸˆµ
A woman and a man are conducting a tech workshop in a full auditorium.,ğŸ‘©â€ğŸ’»ğŸ‘¨â€ğŸ’»ğŸ«
"The woman is intensely focused, her mind blown by what she has discovered.",ğŸ‘©ğŸ§ğŸ¤¯
"""With full attention, the nerdy student focuses intently on his studies, eager to learn from his teacher and excel in his academic journey.""",ğŸ¤“ğŸ‘¨â€ğŸ’»ğŸ‘¨â€ğŸ«ğŸ‘¨â€ğŸ“
The pilot is giving his full attention to the flight and the passengers.,ğŸ‘¨â€âœˆï¸
"The attentive student raises his hand in class, eager to participate and listen closely.",ğŸ™‹â€â™‚ï¸ğŸ¦»ğŸ«
"""With love and family, hard work leads to financial success and a fulfilling life.""",â™¥ï¸ğŸ‘¨â€ğŸ‘©â€ğŸ‘§â€ğŸ‘¦ğŸ’¼ğŸ’°ğŸ’°ğŸ’°ğŸ’¯
The little boy is playing happily in the park.,ğŸ‘¦
A little boy is standing.,ğŸ‘¦ğŸ§
A little boy is using his fingers to show how small something is.,ğŸ¤ğŸ‘¶ğŸ‘¦
The little boy is playing in the park.,ğŸ‘¦
The little boy is pointing down.,ğŸ‘‡ğŸ»ğŸ‘¦
A little boy is pointing at a baby.,ğŸ‘¦ğŸ‘ˆğŸ‘¶
The little boy is playing happily in the park.,ğŸ‘¦ğŸ»
The little boy is using his fingers to show something small.,ğŸ¤ğŸ‘¦
A young boy is becoming a little man.,ğŸ‘¦ğŸ§‘â€ğŸ¦°
The little man is strong!,ğŸ’ªğŸ‘¦
A little man is making a tiny gesture.,ğŸ¤ğŸ»ğŸ‘¨ğŸ»
The little man is holding up his finger to indicate something small.,ğŸ¤ğŸ‘±â€â™‚ï¸
Families gather together to enjoy a delicious meal with plenty of food for everyone.,ğŸ‘©â€ğŸ‘©â€ğŸ‘§â€ğŸ‘§ğŸ‘¨â€ğŸ‘¨â€ğŸ‘§â€ğŸ‘§ğŸ‘¨â€ğŸ‘©â€ğŸ‘§â€ğŸ‘§ğŸ½ï¸ğŸ’¯
"Families are thriving and growing together, leading to an ample supply of love and support.",ğŸ‘©â€ğŸ‘©â€ğŸ‘§â€ğŸ‘§ğŸ‘¨â€ğŸ‘¨â€ğŸ‘§â€ğŸ‘§ğŸ‘¨â€ğŸ‘©â€ğŸ‘§â€ğŸ‘§ğŸ“ˆ
"""I'm really confused about this situation; can someone explain what's going on?""",â‰ï¸â‰ï¸â“â”ğŸ¤·â€â™€ï¸ğŸ¤·ğŸ¤·â€â™‚ï¸
"""I have no idea what you're talking about!""",ğŸ¤·â€â™€ï¸ğŸ—£ï¸
"""No more available, we are out of stock!""",ğŸ™…â€â™€ï¸ğŸ™…â€â™€ï¸ğŸ™…â€â™€ï¸
"She performed a low bow, tilting her head respectfully.",â†˜ï¸ğŸ™‡â€â™€ï¸
The three individuals are deeply bowing in respect.,ğŸ™‡â€â™€ï¸ğŸ™‡ğŸ™‡â€â™‚ï¸
The group of people is giving a low bow in respect.,â†˜ï¸ğŸ™‡ğŸ™‡â€â™€ï¸ğŸ™‡â€â™‚ï¸
He gave a low bow in respect.,â¬‡ï¸ğŸ™‡â€â™‚ï¸
She performed a low bow in respect and humility.,ğŸ™‡â€â™€ï¸
The man and woman are both giving a respectful low bow.,ğŸ™‡â€â™€ï¸ğŸ™‡â€â™‚ï¸
"The person is suffering from a critical illness and needs medical attention, medication, and is taking precautions against infection.",ğŸ¤•ğŸ§‘â€âš•ï¸ğŸ’ŠğŸ˜·ğŸ¦ ğŸª¦
A doctor is treating a patient who is experiencing severe nausea due to a critical illness.,ğŸ¤®ğŸ‘¨â€âš•ï¸
"The judges weighed the evidence carefully, reaching a critical mass of consensus in their decision.",âš–ï¸ğŸ‘©â€âš–ï¸ğŸ‘¨â€âš–ï¸
The scientist has identified a critical element!,ğŸ‘©â€ğŸ”¬â—
"""People are dancing and celebrating together, showing the immediate influence of joy and excitement in the atmosphere.""",ğŸ’ƒğŸ•ºğŸ™‹ğŸ™‹â€â™€ï¸ğŸ™‹â€â™‚ï¸
"""Judges have the power to make immediate decisions that influence the outcome of cases.""",â©ğŸ‘©â€âš–ï¸ğŸ‘¨â€âš–ï¸
"""An immediate influence on a family is the guidance and support they provide to each other.""",ğŸ”œğŸ‘¨â€ğŸ‘©â€ğŸ‘§â€ğŸ‘¦
"""People can have a direct and immediate impact on each other's lives!""",ğŸ§‘â€ğŸ¤â€ğŸ§‘â†”ï¸â—
The chef carefully drizzles a thin layer of oil.,ğŸ¤ ğŸ‘¨â€ğŸ³ğŸ›¢
"""She rejected the document because it was the wrong paper.""",ğŸ™…â€â™€ï¸ğŸ“ƒ
"""That's the wrong paper!""",ğŸ™…â€â™‚ï¸ğŸ“„
"""She is refusing to take the wrong road.""",ğŸ™…â€â™€ï¸ğŸ›£
"""Don't take the wrong road.""",ğŸ™…â€â™‚ï¸ğŸ›£ï¸
"""Cheating is not acceptable for a professional.""",âŒğŸ‘©â€ğŸ’»
"""She is rejecting the idea of love after finding out about the betrayal.""",ğŸ™…â€â™€ï¸ğŸ’”
"""She rejected him after discovering his infidelity.""",ğŸ™…ğŸ‘©â€â¤ï¸â€ğŸ’‹â€ğŸ‘¨ğŸ’”
"""Don't cheat on your exams by writing down answers secretly!""",ğŸ™…â€â™‚ï¸ğŸ˜ˆğŸ¤«âœï¸ğŸ“„ğŸ“šğŸ’¯
"""Please do not enter; you are heading the wrong way!""",ğŸ™…â€â™€ï¸ğŸš¸
"""Don't go that way; you're headed in the wrong direction!""",ğŸ™…â€â™‚ï¸ğŸ—ºï¸ğŸ§­
"""You're going the wrong way!""",âŒğŸ—ºï¸ğŸ™…â€â™€ï¸
"""She refused to take the wrong medicine.""",ğŸ™…â€â™€ï¸ğŸ’Š
"""That is not the right medicine!""",ğŸ™…â€â™‚ï¸ğŸ’Š
"""Please do not believe this wrong information.""",ğŸ™…â€â™€ï¸â„¹
"""Please disregard the incorrect information in the document.""",ğŸ™…â€â™‚ï¸ğŸ“‘ğŸ—‚ï¸
"""She paused in thought, realizing her initial assumption was completely wrong.""",ğŸ™…â€â™€ï¸ğŸ¤”
"""That's not what I was thinking; I made a wrong assumption.""",ğŸ™…â€â™‚ï¸ğŸ¤”
"""She is saying no because it's the wrong time.""",ğŸ™…â€â™€ï¸ğŸ•°
"""That's not the right time for this.""",ğŸ™…â€â™‚ï¸â±ï¸
The warmth of friendship and support brings people together.,â™¨ï¸ğŸ§‘â€ğŸ¤â€ğŸ§‘ğŸ§‘â€ğŸ¤â€ğŸ§‘ğŸ§‘â€ğŸ¤â€ğŸ§‘
"""She passionately loves making zombie movies.""",ğŸ¥ğŸ’â€â™€ï¸â¤ï¸ğŸ§Ÿâ€â™‚ï¸
"""With a warm personality, they greet each other with a friendly fist bump.""",ğŸ‘ŠğŸ§‘â€ğŸ¤â€ğŸ§‘
"""Her warm personality makes everyone feel comfortable and welcomed.""",ğŸŒ¡ï¸ğŸ’â€â™€ï¸
"""She is examining her clear complexion closely.""",ğŸ”ğŸ‘©ğŸ»
A woman radiates confidence with her clear complexion.,ğŸ‘©âœ¨
"""With her clear complexion, she confidently shares beauty tips.""",ğŸ’â€â™€ï¸
"""Men who drink plenty of water and eat healthy salads often achieve a clear complexion.""",ğŸ‘¨ğŸš°ğŸ¥—ğŸªâœ¨
The teacher provided a clear and thorough explanation that everyone understood perfectly.,ğŸ‘©â€ğŸ«ğŸ’¯ğŸ—£ï¸
"The teacher provided a clear explanation that helped everyone understand the concept, leading to a lightbulb moment and smiles all around.",ğŸ¤”â”ğŸ‘¨â€ğŸ«ğŸ—£ï¸ğŸ’¡âœ…ğŸ˜€
It seems like we're unsure about what to do next.,ğŸ¤¨ğŸ§ğŸ¤·â€â™€ï¸ğŸ¤·â€â™‚ï¸
The teacher is asking unclear questions about the assignment.,ğŸ‘¨â€ğŸ«ğŸ—£ï¸ğŸ“â“â“â“
The elderly man speaks with a deep voice.,ğŸ—£ï¸ğŸ‘¨â€ğŸ¦³
"With deep concentration, the focused woman is analyzing data and taking notes.",ğŸ§ğŸ‘©â€ğŸ’»âœï¸
The man with a receding hairline has a prominent forehead.,ğŸ‘¨â€ğŸ¦²ğŸ¤
"""She has a high forehead.""",ğŸ”ğŸ‘©â€ğŸ¦²
The elderly man has a prominent high forehead.,â¬†ï¸ğŸ‘´
A bald man is not a boy.,ğŸ‘¨â€ğŸ¦²âŒğŸ‘¦ğŸ‘¨
The woman with a high forehead proudly embraces her unique look.,â¬†ï¸ğŸ‘©â€ğŸ¦²
"""Look at the man with a prominent high forehead!""",â˜ï¸ğŸ‘¨â€ğŸ¦²
The man with a bald head is pointing to his high forehead.,ğŸ‘¨â€ğŸ¦²ğŸ‘†
The healthcare worker is impressed with the student's performance.,ğŸ‘©â€âš•ï¸ğŸ‘¨â€ğŸ“ğŸ‘
The doctors are highly regarded for their expertise and professionalism.,ğŸ”ğŸ‘¨â€âš•ï¸ğŸ‘©â€âš•ï¸
"""Being in a cool relationship with my friends makes life enjoyable.""",ğŸ†’ğŸ§‘â€ğŸ¤â€ğŸ§‘
The woman at the computer received a cool response.,ğŸ’¨ğŸ‘©ğŸ–¥
"The teacher's training was inadequate, leading to a lack of effective instruction.",âŒğŸ§‘â€ğŸ«
"""Warning: We are facing an issue with inadequate teaching staff.""",âš ï¸ğŸ§‘â€ğŸ«ğŸ‘©â€ğŸ«ğŸ‘¨â€ğŸ«
The team is lacking sufficient staff.,âŒğŸ§‘â€ğŸ’¼ğŸ‘¨â€ğŸ’¼
"""The employee is unsure about how to address the issue of inadequate staff.""",ğŸ¤·ğŸ§‘â€ğŸ’¼0ï¸âƒ£
The team is too small to handle the workload effectively.,ğŸ¤ğŸ‘¬ğŸ§‘â€ğŸ¤â€ğŸ§‘
The team is facing challenges due to inadequate staff.,ğŸ”»ğŸ‘©â€ğŸ’¼ğŸ‘¨â€ğŸ’¼
"""Living an idyllic life means confidently enjoying shopping sprees and treating yourself to luxury.""",ğŸ’ğŸ’â€â™€ï¸ğŸ‘œğŸ’¸
"""Celebrating a perfect life surrounded by family and love!""",ğŸ‰ğŸ™ŒğŸ’¯ğŸ‘¨â€ğŸ‘©â€ğŸ‘§â€ğŸ‘¦
"After a long day, the woman finally drifts off to sleep, embracing her idyllic life of peace and relaxation.",ğŸ‘©ğŸ¥±ğŸ˜´
"""Everyone is giving a thumbs up and feeling great about this perfect, idyllic spot!""",ğŸ‘ğŸ™†ğŸ™†â€â™€ï¸ğŸ’¯
A woman enjoys a refreshing drink under a palm tree in a perfect paradise.,ğŸ‘©ğŸŒ´ğŸ§‰
A young girl feels anxious and worried about something happening at home.,ğŸ‘§ğŸ˜ŸğŸ˜°
"""She feels anxious about the problems at home.""",ğŸ ğŸ™â€â™€ï¸
"""Home is where love and family thrive.""",ğŸ¡ğŸ¥°ğŸ‘ªğŸ‘©â€ğŸ‘©â€ğŸ‘¦ğŸ‘¨â€ğŸ‘¨â€ğŸ‘¦ğŸ‘¨â€ğŸ‘§ğŸ‘©â€ğŸ‘¦
A girl is joyfully laughing and having a great time at home.,ğŸ‘§ğŸ˜ğŸ˜‚
"The ineffective rulers, represented by the three computer users giving a thumbs down, failed to lead effectively.",ğŸ§‘â€ğŸ’»ğŸ‘©â€ğŸ’»ğŸ‘¨â€ğŸ’»ğŸ‘ğŸ‘
"The therapy sessions were unhelpful, as I felt unheard and dismissed.",ğŸ§‘ğŸ‘‚âŒâŒ
The therapy was ineffective for the man.,âŒğŸ’†â€â™‚ï¸ğŸ‘¨â€âš•ï¸
"The therapist's approach didn't help at all, leaving the patient feeling frustrated and disappointed.",ğŸ‘¨â€âš•ï¸ğŸ—£ï¸ğŸ§ ğŸ‘â˜¹ï¸
"The medication is not helping, and I am rejecting its use.",ğŸ’ŠğŸ™…â€â™€ï¸
A student raises their hand to ask an insightful question.,ğŸ™‹ğŸ§ ğŸ’­ğŸ§‘â€ğŸ“
The graduate is pondering an intelligent question.,ğŸ‘¨â€ğŸ“â“ï¸
"""A student poses an intelligent question.""",ğŸ§‘â€ğŸ“ğŸ§ â“
"""An intelligent life appreciates the guidance of a knowledgeable teacher.""",ğŸ‘ğŸ‘¨â€ğŸ«
"""An intelligent life is characterized by the pursuit of knowledge and education.""",ğŸ§‘â€ğŸ“ğŸ¤“
A scientist is studying microorganisms and brain cells to understand intelligent life.,ğŸ‘¨â€ğŸ”¬ğŸ”¬ğŸ§«ğŸ¦ ğŸ§ ğŸ§ 
"""Intelligent life often questions everything, wondering about the mysteries of the universe.""",ğŸ¤”ğŸ¤·â€â™€ï¸
A woman loves her man endlessly.,ğŸ™â€â™€ï¸â¤ï¸ğŸ™â€â™‚ï¸â™¾ï¸
"""Always cherishing love in every form.""",ğŸ”‚ğŸ’‘ğŸ‘©â€â¤ï¸â€ğŸ‘¨ğŸ‘©â€â¤ï¸â€ğŸ‘©
"""Forever devoted to each other, the elderly couple shares an unbreakable bond of love.""",â¤ï¸ğŸ§“ğŸ‘µ
"""Two lovers continuously cherish and support each other in their relationship.""",ğŸ’˜ğŸ‘©â€â¤ï¸â€ğŸ‘¨ğŸ”ƒ
"Two men in love cherish their time together, growing old as constant lovers.",ğŸ‘¬ğŸ‘¨â€â¤ï¸â€ğŸ’‹â€ğŸ‘¨â³âŒ›ğŸ’ğŸ‘¨â€ğŸ¦³ğŸ‘¨â€ğŸ¦³
"""Feeling constant pain and needing to see a doctor for help.""",ğŸ¤•ğŸ§‘â€âš•ï¸
"""Enduring constant pain feels like being struck by a hammer while grappling with the weight of time.""",ğŸ¦´ğŸ”¨ğŸ§‘â€ğŸ¦½â³ğŸ˜­
The doctor examines the brain as an important internal organ.,ğŸ§ ğŸ‘¨â€âš•ï¸ğŸ©º
"The businessman points to the brain, heart, and lungs as important internal organs.",ğŸ‘¨â€ğŸ’¼ğŸ‘ˆğŸ§ ğŸ«€ğŸ«
The man is reflecting on his thoughts.,ğŸ‘¨ğŸ‘ˆğŸ’­
"""Using a mobile device as a controller, the programmer explores the internal mechanisms of software development.""",ğŸ“²ğŸ•¹ï¸ğŸ‘©â€ğŸ’»
The mechanic is skillfully repairing the internal mechanism of the prosthetic leg.,ğŸ¦¿ğŸ‘©â€ğŸ”§
A man is giving a dry critique of the situation.,ğŸ™â€â™‚ï¸ğŸ—£ï¸ğŸ’¬
"The teacher offered a dry critique of the student's presentation, highlighting its lack of originality and depth.",â™¨ï¸ğŸ§‘â€ğŸ«
"""In the dry desert, a woman waves hello.""",ğŸœï¸ğŸ™‹â€â™€ï¸
"""An effective entrance is marked by a confident person giving a thumbs up as they walk through the door.""",ğŸ‘ğŸšªğŸ§‘
A French woman with curly hair is speaking Japanese with a charming foreign accent.,ğŸ‡«ğŸ‡·ğŸ‡¯ğŸ‡µğŸ‘©â€ğŸ¦±
"""Speaking with a foreign accent, I'm often met with confusion.""",ğŸ—£ï¸ğŸ¤·â€â™€ï¸
"""Thinking about trying my hand at making some exotic tacos.""",ğŸ¤”ğŸ§‘â€ğŸ³ğŸŒ®
"""In a delicate negotiation, each participant listens attentively, expresses their thoughts, and engages in a respectful dialogue.""",ğŸ™‹ğŸ§â€â™‚ï¸ğŸ™â€â™‚ï¸ğŸ™‹â€â™‚ï¸ğŸ§ğŸ™
A baker is racing against time to prepare fresh bread.,ğŸ‘¨â€ğŸ³âŒ›ğŸ
The baker is preparing fresh bread.,ğŸ§‘â€ğŸ³ğŸ
The boy takes a refreshing shower with fragrant soap.,ğŸ‘¦ğŸš¿ğŸ§¼ğŸŒº
The farmer is harvesting fresh lettuce.,ğŸ‘©â€ğŸŒ¾ğŸ¥¬
The farmer is harvesting fresh lettuce.,ğŸ‘¨â€ğŸŒ¾ğŸ¥¬
A farmer is harvesting fresh lettuce.,ğŸ§‘â€ğŸŒ¾ ğŸ¥¬ğŸ¥¬
The teacher is providing a clear and detailed explanation.,ğŸ§‘â€ğŸ«ğŸ—£ï¸
"A boy is using a magnifying glass to investigate and take notes, demonstrating a sound approach to learning.",ğŸ‘¦ğŸ”ğŸ“
"A boy is giving thoughtful advice to a girl, and she appreciates it.",ğŸ‘¦ğŸ—£ï¸ğŸ‘©ğŸ¤”ğŸ‘
